Workbook

Sheet Дашборд
A1: БУ-запчасти Lada Niva 4x4 / Niva Legend (1.7, 21214)
A2: Считается автоматически с листа «Прайс». Сентябрь 2026.
A3: Позиций в таблице | C3: Категорий | E3: Позиций с ценой
A4: =COUNTA('Прайс'!$C$4:$C$39) -> 36 | C4: =COUNTA('Дашборд'!$B$9:$B$15) -> 7 | E4: =COUNT('Прайс'!$E$4:$E$39) -> 36
A8: По категориям
A9: Категория | B9: Позиций | C9: Ср. мин, руб | D9: Ср. макс, руб | E9: Ср. цена, руб | F9: Диапазон
A10: Двигатель | B10: =COUNTIF('Прайс'!$B$4:$B$39,A10) -> 13 | C10: =AVERAGEIF('Прайс'!$B$4:$B$39,A10,'Прайс'!$E$4:$E$39) -> 6685 | D10: =AVERAGEIF('Прайс'!$B$4:$B$39,A10,'Прайс'!$F$4:$F$39) -> 11823 | E10: =ROUND((C10+D10)/2,0) -> 9254 | F10: =D10-C10 -> 5138
A11: Трансмиссия и привод | B11: =COUNTIF('Прайс'!$B$4:$B$39,A11) -> 7 | C11: =AVERAGEIF('Прайс'!$B$4:$B$39,A11,'Прайс'!$E$4:$E$39) -> 4471 | D11: =AVERAGEIF('Прайс'!$B$4:$B$39,A11,'Прайс'!$F$4:$F$39) -> 9164 | E11: =ROUND((C11+D11)/2,0) -> 6818 | F11: =D11-C11 -> 4693
A12: Подвеска и рулевое | B12: =COUNTIF('Прайс'!$B$4:$B$39,A12) -> 4 | C12: =AVERAGEIF('Прайс'!$B$4:$B$39,A12,'Прайс'!$E$4:$E$39) -> 525 | D12: =AVERAGEIF('Прайс'!$B$4:$B$39,A12,'Прайс'!$F$4:$F$39) -> 977 | E12: =ROUND((C12+D12)/2,0) -> 751 | F12: =D12-C12 -> 452
A13: Тормоза | B13: =COUNTIF('Прайс'!$B$4:$B$39,A13) -> 2 | C13: =AVERAGEIF('Прайс'!$B$4:$B$39,A13,'Прайс'!$E$4:$E$39) -> 900 | D13: =AVERAGEIF('Прайс'!$B$4:$B$39,A13,'Прайс'!$F$4:$F$39) -> 2395 | E13: =ROUND((C13+D13)/2,0) -> 1648 | F13: =D13-C13 -> 1495
A14: Кузов и оптика | B14: =COUNTIF('Прайс'!$B$4:$B$39,A14) -> 6 | C14: =AVERAGEIF('Прайс'!$B$4:$B$39,A14,'Прайс'!$E$4:$E$39) -> 1683 | D14: =AVERAGEIF('Прайс'!$B$4:$B$39,A14,'Прайс'!$F$4:$F$39) -> 2517 | E14: =ROUND((C14+D14)/2,0) -> 2100 | F14: =D14-C14 -> 834
A15: Электрика | B15: =COUNTIF('Прайс'!$B$4:$B$39,A15) -> 3 | C15: =AVERAGEIF('Прайс'!$B$4:$B$39,A15,'Прайс'!$E$4:$E$39) -> 1350 | D15: =AVERAGEIF('Прайс'!$B$4:$B$39,A15,'Прайс'!$F$4:$F$39) -> 2017 | E15: =ROUND((C15+D15)/2,0) -> 1684 | F15: =D15-C15 -> 667
A16: Салон | B16: =COUNTIF('Прайс'!$B$4:$B$39,A16) -> 1 | C16: =AVERAGEIF('Прайс'!$B$4:$B$39,A16,'Прайс'!$E$4:$E$39) -> 20000 | D16: =AVERAGEIF('Прайс'!$B$4:$B$39,A16,'Прайс'!$F$4:$F$39) -> 20000 | E16: =ROUND((C16+D16)/2,0) -> 20000 | F16: =D16-C16 -> 0
A18: Как читать таблицу
A19: • Цены — диапазон реальных предложений б/у; итог зависит от состояния и региона.
A20: • «—» в колонке цены: публичная цена не подтверждена — уточняется у разборки.

Sheet Прайс
A1: БУ-запчасти Lada Niva 4x4 / Niva Legend (1.7, 21214)
A2: Источник: XBaz, Авито.
A3: № | B3: Категория | C3: Деталь | D3: Артикул / ориентир | E3: Цена мин, руб | F3: Цена макс, руб | G3: Ср. цена, руб | H3: Примечание | I3: Лучшая цена, руб | J3: Avito | K3: Дром
A4: 1 | B4: Двигатель | C4: Двигатель в сборе 21214 | D4: 212141000400029 | E4: 25000 | F4: 56000 | G4: =ROUND((E4+F4)/2,0) -> 40500 | H4: XBaz | I4: =E4 -> 25000 | J4: Avito | K4: Дром
A5: 2 | B5: Двигатель | C5: Блок цилиндров | D5: 2121 | E5: 20000 | F5: 20000 | G5: =ROUND((E5+F5)/2,0) -> 20000 | H5: XBaz, Тверь | I5: =E5 -> 20000 | J5: Avito | K5: Дром
A6: 3 | B6: Двигатель | C6: ГБЦ | D6: 212141003015 | E6: 5000 | F6: 25000 | G6: =ROUND((E6+F6)/2,0) -> 15000 | H6: XBaz | I6: =E6 -> 5000 | J6: Avito | K6: Дром
A7: 4 | B7: Двигатель | C7: Клапанная крышка | D7: 21212100326000 | E7: 1000 | F7: 1000 | G7: =ROUND((E7+F7)/2,0) -> 1000 | H7: XBaz | I7: =E7 -> 1000 | J7: Avito | K7: Дром
A8: 5 | B8: Двигатель | C8: Поддон двигателя | E8: 600 | F8: 600 | G8: =ROUND((E8+F8)/2,0) -> 600 | H8: XBaz, замятый | I8: =E8 -> 600 | J8: Avito | K8: Дром
A9: 6 | B9: Двигатель | C9: Форсунки (комплект) | D9: 2123114401011 | E9: 1000 | F9: 3000 | G9: =ROUND((E9+F9)/2,0) -> 2000 | H9: XBaz | I9: =E9 -> 1000 | J9: Avito | K9: Дром
A10: 7 | B10: Двигатель | C10: Помпа | D10: 210731307015 | E10: 500 | F10: 1000 | G10: =ROUND((E10+F10)/2,0) -> 750 | H10: XBaz | I10: =E10 -> 500 | J10: Avito | K10: Дром
A11: 8 | B11: Двигатель | C11: Радиатор | E11: 1800 | F11: 3300 | G11: =ROUND((E11+F11)/2,0) -> 2550 | H11: XBaz | I11: =E11 -> 1800 | J11: Avito | K11: Дром
A12: 9 | B12: Двигатель | C12: Генератор | D12: 8450083222 | E12: 3500 | F12: 6000 | G12: =ROUND((E12+F12)/2,0) -> 4750 | H12: XBaz | I12: =E12 -> 3500 | J12: Avito | K12: Дром
A13: 10 | B13: Двигатель | C13: Стартер | E13: 1500 | F13: 1500 | G13: =ROUND((E13+F13)/2,0) -> 1500 | H13: Авито | I13: =E13 -> 1500 | J13: Avito | K13: Дром
A14: 11 | B14: Двигатель | C14: Компрессор кондиционера (комплект) | D14: 21214811101210 | E14: 25000 | F14: 25000 | G14: =ROUND((E14+F14)/2,0) -> 25000 | H14: XBaz | I14: =E14 -> 25000 | J14: Avito | K14: Дром
A15: 12 | B15: Двигатель | C15: Катализатор | D15: 21214 2013 | E15: 1500 | F15: 8500 | G15: =ROUND((E15+F15)/2,0) -> 5000 | H15: XBaz | I15: =E15 -> 1500 | J15: Avito | K15: Дром
A16: 13 | B16: Двигатель | C16: Глушитель | E16: 500 | F16: 2800 | G16: =ROUND((E16+F16)/2,0) -> 1650 | H16: XBaz | I16: =E16 -> 500 | J16: Avito | K16: Дром
A17: 14 | B17: Трансмиссия и привод | C17: МКПП 5-ст | D17: 21011701015 | E17: 8000 | F17: 38950 | G17: =ROUND((E17+F17)/2,0) -> 23475 | H17: XBaz/Дром | I17: =E17 -> 8000 | J17: Avito | K17: Дром
A18: 15 | B18: Трансмиссия и привод | C18: Раздаточная коробка | D18: 21211802012 | E18: 7000 | F18: 8000 | G18: =ROUND((E18+F18)/2,0) -> 7500 | H18: XBaz | I18: =E18 -> 7000 | J18: Avito | K18: Дром
A19: 16 | B19: Трансмиссия и привод | C19: Сцепление (корзина) | E19: 600 | F19: 600 | G19: =ROUND((E19+F19)/2,0) -> 600 | H19: XBaz | I19: =E19 -> 600 | J19: Avito | K19: Дром
A20: 17 | B20: Трансмиссия и привод | C20: Полуось | E20: 1800 | F20: 1800 | G20: =ROUND((E20+F20)/2,0) -> 1800 | H20: XBaz, с дефектом | I20: =E20 -> 1800 | J20: Avito | K20: Дром
A21: 18 | B21: Трансмиссия и привод | C21: Гарнитура (ШРУС внутренний) | E21: 1800 | F21: 1800 | G21: =ROUND((E21+F21)/2,0) -> 1800 | H21: XBaz, Тольятти | I21: =E21 -> 1800 | J21: Avito | K21: Дром
A22: 19 | B22: Трансмиссия и привод | C22: Редуктор переднего моста | E22: 10000 | F22: 10000 | G22: =ROUND((E22+F22)/2,0) -> 10000 | H22: XBaz | I22: =E22 -> 10000 | J22: Avito | K22: Дром
A23: 20 | B23: Трансмиссия и привод | C23: Карданный вал | E23: 2100 | F23: 3000 | G23: =ROUND((E23+F23)/2,0) -> 2550 | H23: XBaz | I23: =E23 -> 2100 | J23: Avito | K23: Дром
A24: 21 | B24: Подвеска и рулевое | C24: Рычаг подвески | E24: 400 | F24: 400 | G24: =ROUND((E24+F24)/2,0) -> 400 | H24: XBaz, Тверь | I24: =E24 -> 400 | J24: Avito | K24: Дром
A25: 22 | B25: Подвеска и рулевое | C25: Амортизатор передний/задний | D25: 21214290540200 | E25: 400 | F25: 1010 | G25: =ROUND((E25+F25)/2,0) -> 705 | H25: XBaz | I25: =E25 -> 400 | J25: Avito | K25: Дром
A26: 23 | B26: Подвеска и рулевое | C26: Тяга рулевая поперечная | D26: 212103414010 | E26: 800 | F26: 2000 | G26: =ROUND((E26+F26)/2,0) -> 1400 | H26: XBaz | I26: =E26 -> 800 | J26: Avito | K26: Дром
A27: 24 | B27: Подвеска и рулевое | C27: Рулевой наконечник | E27: 499 | F27: 499 | G27: =ROUND((E27+F27)/2,0) -> 499 | H27: XBaz | I27: =E27 -> 499 | J27: Avito | K27: Дром
A28: 25 | B28: Тормоза | C28: Суппорт передний | D28: 212133501154 | E28: 1000 | F28: 2290 | G28: =ROUND((E28+F28)/2,0) -> 1645 | H28: XBaz | I28: =E28 -> 1000 | J28: Avito | K28: Дром
A29: 26 | B29: Тормоза | C29: Барабан тормозной | D29: 21213502070 | E29: 800 | F29: 2500 | G29: =ROUND((E29+F29)/2,0) -> 1650 | H29: XBaz | I29: =E29 -> 800 | J29: Avito | K29: Дром
A30: 27 | B30: Кузов и оптика | C30: Фара передняя | D30: 8450084241 | E30: 2000 | F30: 2500 | G30: =ROUND((E30+F30)/2,0) -> 2250 | H30: XBaz | I30: =E30 -> 2000 | J30: Avito | K30: Дром
A31: 28 | B31: Кузов и оптика | C31: Фонарь задний | D31: 212133716011 | E31: 1000 | F31: 1500 | G31: =ROUND((E31+F31)/2,0) -> 1250 | H31: XBaz | I31: =E31 -> 1000 | J31: Avito | K31: Дром
A32: 29 | B32: Кузов и оптика | C32: Капот | E32: 1000 | F32: 1000 | G32: =ROUND((E32+F32)/2,0) -> 1000 | H32: XBaz, с дефектами | I32: =E32 -> 1000 | J32: Avito | K32: Дром
A33: 30 | B33: Кузов и оптика | C33: Крыло | D33: 21210840302410 | E33: 3000 | F33: 6999 | G33: =ROUND((E33+F33)/2,0) -> 5000 | H33: XBaz | I33: =E33 -> 3000 | J33: Avito | K33: Дром
A34: 31 | B34: Кузов и оптика | C34: Бампер задний | E34: 600 | F34: 600 | G34: =ROUND((E34+F34)/2,0) -> 600 | H34: XBaz, с дефектами | I34: =E34 -> 600 | J34: Avito | K34: Дром
A35: 32 | B35: Кузов и оптика | C35: Дверь передняя | D35: 21214 | E35: 2500 | F35: 2500 | G35: =ROUND((E35+F35)/2,0) -> 2500 | H35: XBaz | I35: =E35 -> 2500 | J35: Avito | K35: Дром
A36: 33 | B36: Электрика | C36: Панель приборов | E36: 2000 | F36: 2000 | G36: =ROUND((E36+F36)/2,0) -> 2000 | H36: XBaz | I36: =E36 -> 2000 | J36: Avito | K36: Дром
A37: 34 | B37: Электрика | C37: Мотор стеклоподъёмника | E37: 1750 | F37: 1750 | G37: =ROUND((E37+F37)/2,0) -> 1750 | H37: Авито | I37: =E37 -> 1750 | J37: Avito | K37: Дром
A38: 35 | B38: Электрика | C38: Мотор печки | D38: 8450082715 | E38: 300 | F38: 2300 | G38: =ROUND((E38+F38)/2,0) -> 1300 | H38: XBaz | I38: =E38 -> 300 | J38: Avito | K38: Дром
A39: 36 | B39: Салон | C39: Сиденья передние (комплект) | D39: 212136810011 | E39: 20000 | F39: 20000 | G39: =ROUND((E39+F39)/2,0) -> 20000 | H39: XBaz, Москва | I39: =E39 -> 20000 | J39: Avito | K39: Дром

Sheet Источники
A1: Источники
A2: Источник: XBaz, Авито.
A3: Площадка | B3: Что искать | C3: Тип | D3: Примечание
A4: XBaz (xbaz.ru) | B4: Любые бу-запчасти | C4: Агрегатор разборок | D4: Цены видны в карточке без входа
A5: Авито | B5: Контрактные узлы | C5: Доска объявлений | D5: Часть цен скрыта в объявлениях
A6: iZAP24 / База Дром | B6: Катализаторы, блоки, узлы | C6: Агрегаторы | D6: Для позиций без открытой цены

Sheet О прайсе
A1: ExcelPrice — цены на любые запчасти
A2: Полные прайс-листы по моделям авто: все запчасти + актуальные цены со всего интернета
A4: Заказать свой прайс: https://excelprice.ru
A6: Контакты:
A7: Telegram: @Excelprice
A8: WhatsApp: +7 (900) 000-44-69
A9: Email: dot.akc@yandex.ru
A11: Если этот файл вам прислали — вы можете заказать такой же прайс на свою модель на сайте excelprice.ru
